Order,NTRA0001_,LYSA0001_,HISA0015_,TYRA0020_,GLUA0035_,ASPA0048_,ASPA0087_,ASPA0101_,LYSA0116_,Count,Occupancy,Sum_crg_protein
1.0,0.0,1.0,1.0,0.0,-1.0,-1.0,-1.0,-1.0,1.0,571852.0,0.477,8.0
2.0,0.0,1.0,0.0,0.0,-1.0,-1.0,-1.0,-1.0,1.0,387654.0,0.323,7.0
3.0,1.0,1.0,1.0,0.0,-1.0,-1.0,-1.0,-1.0,1.0,120227.0,0.1,9.0
4.0,1.0,1.0,0.0,0.0,-1.0,-1.0,-1.0,-1.0,1.0,92767.0,0.077,8.0
7.0,0.0,1.0,1.0,0.0,0.0,-1.0,-1.0,-1.0,1.0,7910.0,0.007,9.0
6.0,0.0,1.0,0.0,0.0,0.0,-1.0,-1.0,-1.0,1.0,5654.0,0.005,8.0
13.0,0.0,1.0,1.0,0.0,-1.0,-1.0,-1.0,-1.0,0.0,2073.0,0.002,7.0
12.0,0.0,0.0,1.0,0.0,-1.0,-1.0,-1.0,-1.0,1.0,2024.0,0.002,7.0
8.0,1.0,1.0,1.0,0.0,0.0,-1.0,-1.0,-1.0,1.0,1732.0,0.001,10.0
5.0,1.0,1.0,0.0,0.0,0.0,-1.0,-1.0,-1.0,1.0,1634.0,0.001,9.0
9.0,0.0,1.0,0.0,0.0,-1.0,-1.0,-1.0,-1.0,0.0,1286.0,0.001,6.0
11.0,0.0,0.0,0.0,0.0,-1.0,-1.0,-1.0,-1.0,1.0,1142.0,0.001,6.0
14.0,1.0,0.0,1.0,0.0,-1.0,-1.0,-1.0,-1.0,1.0,1133.0,0.001,8.0
15.0,0.0,1.0,1.0,0.0,-1.0,-1.0,-1.0,0.0,1.0,805.0,0.001,9.0
19.0,0.0,1.0,0.0,0.0,-1.0,-1.0,-1.0,0.0,1.0,658.0,0.001,8.0
10.0,1.0,0.0,0.0,0.0,-1.0,-1.0,-1.0,-1.0,1.0,454.0,0.0,7.0
17.0,1.0,1.0,1.0,0.0,-1.0,-1.0,-1.0,-1.0,0.0,303.0,0.0,8.0
20.0,1.0,1.0,0.0,0.0,-1.0,-1.0,-1.0,0.0,1.0,231.0,0.0,9.0
16.0,1.0,1.0,0.0,0.0,-1.0,-1.0,-1.0,-1.0,0.0,195.0,0.0,7.0
18.0,1.0,1.0,1.0,0.0,-1.0,-1.0,-1.0,0.0,1.0,145.0,0.0,10.0
21.0,0.0,1.0,1.0,0.0,0.0,-1.0,-1.0,-1.0,0.0,89.0,0.0,8.0
22.0,0.0,0.0,1.0,0.0,0.0,-1.0,-1.0,-1.0,1.0,20.0,0.0,8.0
23.0,0.0,1.0,0.0,0.0,0.0,-1.0,-1.0,-1.0,0.0,10.0,0.0,7.0
24.0,1.0,0.0,1.0,0.0,-1.0,-1.0,-1.0,-1.0,0.0,2.0,0.0,7.0
